~b~Michael              ,   player_zero
~b~Franklin             ,   player_one
~b~Trevor               ,   player_two
~g~Freemode ~q~Female   ,   mp_f_freemode_01
~g~Freemode ~o~Male     ,   mp_m_freemode_01
~y~C~o~l~b~o~g~w~r~n    ,   s_m_y_clown_01
~q~Dead Hooker          ,   mp_f_deadhooker
~q~Hooker               ,   s_f_y_hooker_01
~q~Hooker               ,   s_f_y_hooker_02
~q~Hooker               ,   s_f_y_hooker_03
~q~Stripper             ,   csb_stripper_01
~q~Stripper             ,   csb_stripper_02
~q~Stripper             ,   s_f_y_stripper_01
~q~Stripper             ,   s_f_y_stripper_02
~q~Stripperlite         ,   mp_f_stripperlite
~q~Stripperlite         ,   s_f_y_stripperlite
~q~Topless              ,   a_f_y_topless_01
~q~Tig Ol Bitties       ,   cs_karen_daniels
~b~Street Art Monkey    ,   u_m_m_streetart_01
~y~Zombie               ,   u_m_y_zombie_01
~t~Boar                 ,   a_c_boar
~t~Cat                  ,   a_c_cat_01
~t~Chimp                ,   a_c_chimp
~t~Chop                 ,   a_c_chop
~t~Cormorant            ,   a_c_cormorant
~t~Cow                  ,   a_c_cow
~t~Crow                 ,   a_c_crow
~t~Coyote               ,   a_c_coyote
~t~Deer                 ,   a_c_deer
~t~Dolphin              ,   a_c_dolphin
~t~Fish                 ,   a_c_fish
~t~Hawk                 ,   a_c_chickenhawk
~t~Hen                  ,   a_c_hen
~t~Humpback             ,   a_c_humpback
~t~Husky                ,   a_c_husky
~t~Mtlion               ,   a_c_mtlion
~t~Pig                  ,   a_c_pig
~t~Pigeon               ,   a_c_pigeon
~t~Poodle               ,   a_c_poodle
~t~Pug                  ,   a_c_pug
~t~Rabbit               ,   a_c_rabbit_01
~t~Rat                  ,   a_c_rat
~t~Retriever            ,   a_c_retriever
~t~Rhesus               ,   a_c_rhesus
~t~Rottweiler           ,   a_c_rottweiler
~t~Seagull              ,   a_c_seagull
~t~Sharkhammer          ,   a_c_sharkhammer
~t~Sharktiger           ,   a_c_sharktiger
~t~Shepherd             ,   a_c_shepherd
~t~Stingray             ,   a_c_stingray
~t~Westy                ,   a_c_westy
~t~Whale                ,   a_c_killerwhale
~g~Abigail CS           ,   csb_abigail
~g~Abigail IG           ,   ig_abigail
~y~Abner                ,   u_m_y_abner
~y~Acult                ,   a_m_m_acult_01
~y~Acult                ,   a_m_o_acult_01
~y~Acult                ,   a_m_o_acult_02
~y~Acult                ,   a_m_y_acult_01
~y~Acult                ,   a_m_y_acult_02
~y~Air Hostess          ,   s_f_y_airhostess_01
~y~Air Worker           ,   s_m_y_airworker
~y~Al Dinapoli          ,   u_m_m_aldinapoli
~y~Alien                ,   s_m_m_movalien_01
~q~Amanda Townley CS    ,   cs_amandatownley
~q~Amanda Townley IG    ,   ig_amandatownley
~y~AmmuCity             ,   s_m_y_ammucity_01
~y~AmmuCountry          ,   s_m_m_ammucountry
~g~Andreas CS           ,   cs_andreas
~g~Andreas IG           ,   ig_andreas
~y~Anita                ,   csb_anita
~y~Anton                ,   csb_anton
~y~Anton B              ,   u_m_y_antonb
~y~Armboss              ,   g_m_m_armboss_01
~y~Armgoon              ,   g_m_m_armgoon_01
~y~Armgoon              ,   g_m_y_armgoon_02
~y~Armlieut             ,   g_m_m_armlieut_01
~o~Armoured             ,   mp_s_m_armoured_01
~o~Armoured             ,   s_m_m_armoured_01
~o~Armoured             ,   s_m_m_armoured_02
~r~Armymech             ,   s_m_y_armymech_01
~g~Ashley CS            ,   cs_ashley
~g~Ashley IG            ,   ig_ashley
~y~Autopsy              ,   s_m_y_autopsy_01
~y~Autoshop             ,   s_m_m_autoshop_01
~y~Autoshop             ,   s_m_m_autoshop_02
~y~Azteca               ,   g_m_y_azteca_01
~y~Babyd                ,   u_m_y_babyd
~y~Balla East           ,   g_m_y_ballaeast_01
~y~Balla Orig           ,   g_m_y_ballaorig_01
~y~Ballas               ,   g_f_y_ballas_01
~g~Balla SOG CS         ,   csb_ballasog
~g~Balla SOG IG         ,   ig_ballasog
~y~Ballas Out           ,   g_m_y_ballasout_01
~y~Bankman CS           ,   cs_bankman
~y~Bankman IG           ,   ig_bankman
~y~Bankman U            ,   u_m_m_bankman
~y~Barman               ,   s_m_y_barman_01
~y~Barberette           ,   s_f_m_fembarber
~g~Barry CS             ,   cs_barry
~g~Barry IG             ,   ig_barry
~y~Bartender            ,   s_f_y_bartender_01
~y~Baygor               ,   u_m_y_baygor
~g~Baywatch Chick       ,   s_f_y_baywatch_01
~g~Baywatch Dude        ,   s_m_y_baywatch_01
~g~Beach Babe           ,   a_f_m_beach_01
~g~Beach Babe           ,   a_f_y_beach_01
~y~Beach Dude           ,   a_m_m_beach_01
~y~Beach Dude           ,   a_m_m_beach_02
~y~Beach Dude           ,   a_m_o_beach_01
~y~Beach Dude           ,   a_m_y_beach_01
~y~Beach Dude           ,   a_m_y_beach_02
~y~Beach Dude           ,   a_m_y_beach_03
~y~Beach Dude           ,   a_m_y_beachvesp_01
~y~Beach Dude           ,   a_m_y_beachvesp_02
~y~Bestmen              ,   ig_bestmen
~g~Beverly CS           ,   cs_beverly
~g~Beverly IG           ,   ig_beverly
~y~BHills Babe          ,   a_f_m_bevhills_01
~y~BHills Babe          ,   a_f_m_bevhills_02
~y~BHills Babe          ,   a_f_y_bevhills_01
~y~BHills Babe          ,   a_f_y_bevhills_02
~y~BHills Babe          ,   a_f_y_bevhills_03
~y~BHills Babe          ,   a_f_y_bevhills_04
~g~BHills Dude          ,   a_m_m_bevhills_01
~g~BHills Dude          ,   a_m_m_bevhills_02
~g~BHills Dude          ,   a_m_y_bevhills_01
~g~BHills Dude          ,   a_m_y_bevhills_02
~y~Bike Hire            ,   u_m_m_bikehire_01
~y~Biker Chic           ,   u_f_y_bikerchic
~r~Black Ops            ,   s_m_y_blackops_01
~r~Black Ops            ,   s_m_y_blackops_02
~y~Body Builder         ,   a_f_m_bodybuild_01
~r~Bouncer              ,   s_m_m_bouncer_01
~g~Brad CS              ,   cs_brad
~g~Brad IG              ,   ig_brad
~g~Brad Cadaver         ,   cs_bradcadaver
~y~Break Dancer         ,   a_m_y_breakdance_01
~g~Bride CS             ,   csb_bride
~g~Bride IG             ,   ig_bride
~g~Burger Drug CS       ,   csb_burgerdrug
~g~Burger Drug          ,   u_m_y_burgerdrug_01
~y~Busboy               ,   s_m_y_busboy_01
~y~BusinessDude         ,   a_m_y_busicas_01
~y~BusinessBabe         ,   a_f_m_business_02
~y~BusinessBabe         ,   a_f_y_business_01
~y~BusinessBabe         ,   a_f_y_business_02
~y~BusinessBabe         ,   a_f_y_business_03
~y~BusinessBabe         ,   a_f_y_business_04
~y~BusinessDude         ,   a_m_m_business_01
~y~BusinessDude         ,   a_m_y_business_01
~y~BusinessDude         ,   a_m_y_business_02
~y~BusinessDude         ,   a_m_y_business_03
~y~Busker               ,   s_m_o_busker_01
~g~Car  Guy  CS         ,   csb_car3guy1
~g~Car  Guy  IG         ,   ig_car3guy1
~g~Car  Guy  CS         ,   csb_car3guy2
~g~Car  Guy  IG         ,   ig_car3guy2
~y~Car Buyer            ,   cs_carbuyer
~g~Casey CS             ,   cs_casey
~g~Casey IG             ,   ig_casey
~y~Chef CS              ,   csb_chef
~y~Chef IG              ,   ig_chef
~y~Chef U               ,   s_m_y_chef_01
~y~Chem. Security       ,   s_m_m_chemsec_01
~y~Chem. Worker         ,   g_m_m_chemwork_01
~g~Cheng Sr CS          ,   cs_chengsr
~g~Cheng Sr IG          ,   ig_chengsr
~y~Chinese Boss         ,   g_m_m_chiboss_01
~y~Chinese Cold         ,   g_m_m_chicold_01
~y~Chinese Goon         ,   g_m_m_chigoon_01
~y~Chinese Goon         ,   g_m_m_chigoon_02
~y~Chinese Goon         ,   csb_chin_goon
~y~Chip                 ,   u_m_y_chip
~g~Chris Formage CS     ,   cs_chrisformage
~g~Chris Formage IG     ,   ig_chrisformage
~r~CIA Security         ,   s_m_m_ciasec_01
~y~Claude               ,   mp_m_claude_01
~g~Clay CS              ,   cs_clay
~g~Clay IG              ,   ig_clay
~g~Clay Pain            ,   ig_claypain
~g~Cletus CS            ,   csb_cletus
~g~Cletus IG            ,   ig_cletus
~y~Country Boy          ,   s_m_m_cntrybar_01
~y~Comjane              ,   u_f_y_comjane
~y~Const. Worker        ,   s_m_y_construct_01
~y~Const. Worker        ,   s_m_y_construct_02
~r~Cop                  ,   csb_cop
~r~Cop                  ,   s_f_y_cop_01
~r~Cop                  ,   s_m_y_cop_01
~g~Corpse               ,   u_f_m_corpse_01
~g~Corpse               ,   u_f_y_corpse_01
~g~Corpse               ,   u_f_y_corpse_02
~y~Customer             ,   csb_customer
~g~Cyclist              ,   a_m_y_cyclist_01
~g~Cyclist              ,   u_m_y_cyclist_01
~g~Dale CS              ,   cs_dale
~g~Dale IG              ,   ig_dale
~g~Dave Norton CS       ,   cs_davenorton
~g~Dave Norton IG       ,   ig_davenorton
~y~Dealer               ,   s_m_y_dealer_01
~y~Debra                ,   cs_debra
~g~Denise Friend        ,   csb_denise_friend
~g~Denise CS            ,   cs_denise
~g~Denise IG            ,   ig_denise
~g~Devin CS             ,   cs_devin
~g~Devin IG             ,   ig_devin
~g~Devins Security      ,   s_m_y_devinsec_01
~y~Dhill                ,   a_m_y_dhill_01
~g~Dock Worker          ,   s_m_m_dockwork_01
~g~Dock Worker          ,   s_m_y_dockwork_01
~y~Doctor               ,   s_m_m_doctor_01
~g~Dom CS               ,   cs_dom
~g~Dom IG               ,   ig_dom
~y~Door Man             ,   s_m_y_doorman_01
~g~Downtown Chick       ,   a_f_m_downtown_01
~g~Downtown             ,   a_m_y_downtown_01
~g~Dreyfuss CS          ,   cs_dreyfuss
~g~Dreyfuss IG          ,   ig_dreyfuss
~g~Drunk Russian CS     ,   cs_russiandrunk
~g~Drunk Russian IG     ,   ig_russiandrunk
~g~Dr Friedlander CS    ,   cs_drfriedlander
~g~Dr Friedlander IG    ,   ig_drfriedlander
~y~DW Service           ,   s_m_y_dwservice_01
~y~DW Service           ,   s_m_y_dwservice_02
~y~EastSA Bitch         ,   a_f_m_eastsa_01
~y~EastSA Bitch         ,   a_f_m_eastsa_02
~y~EastSA Bitch         ,   a_f_y_eastsa_01
~y~EastSA Bitch         ,   a_f_y_eastsa_02
~y~EastSA Bitch         ,   a_f_y_eastsa_03
~y~EastSA               ,   a_m_m_eastsa_01
~y~EastSA               ,   a_m_m_eastsa_02
~y~EastSA               ,   a_m_y_eastsa_01
~y~EastSA               ,   a_m_y_eastsa_02
~g~Epsilon Bitch        ,   a_f_y_epsilon_01
~g~Epsilon Douche       ,   a_m_y_epsilon_01
~g~Epsilon Douche       ,   a_m_y_epsilon_02
~y~Ex Army              ,   mp_m_exarmy_01
~g~Fabien-cs            ,   cs_fabien
~g~Fabien-ig            ,   ig_fabien
~g~Factory Ho           ,   s_f_y_factory_01
~g~Factory Dude         ,   s_m_y_factory_01
~y~Famca                ,   g_m_y_famca_01
~y~Famdd                ,   mp_m_famdd_01
~y~Famdnf               ,   g_m_y_famdnf_01
~y~Famfor               ,   g_m_y_famfor_01
~y~Families             ,   g_f_y_families_01
~y~Farmer               ,   a_m_m_farmer_01
~y~Fat Balla            ,   a_f_m_fatbla_01
~y~Fat Cult             ,   a_f_m_fatcult_01
~y~Fat Latino           ,   a_m_m_fatlatin_01
~y~Fat White Trash      ,   a_f_m_fatwhite_01
~g~FBI Suit CS          ,   cs_fbisuit_01
~g~FBI Suit IG          ,   ig_fbisuit_01
~r~Fibarchitect         ,   u_m_m_fibarchitect
~r~Fibmugger            ,   u_m_y_fibmugger_01
~r~Fiboffice            ,   s_m_m_fiboffice_01
~r~Fiboffice            ,   s_m_m_fiboffice_02
~r~Fibsec               ,   mp_m_fibsec_01
~y~Filmdirector         ,   u_m_m_filmdirector
~y~Finguru              ,   u_m_o_finguru_01
~y~Fireman              ,   s_m_y_fireman_01
~y~Fitness              ,   a_f_y_fitness_01
~y~Fitness              ,   a_f_y_fitness_02
~g~Floyd CS             ,   cs_floyd
~g~Floyd IG             ,   ig_floyd
~y~Fos_rep              ,   csb_fos_rep
~y~G                    ,   csb_g
~y~Gaffer               ,   s_m_m_gaffer_01
~g~Gang CSB             ,   csb_ramp_gang
~g~Gang IG              ,   ig_ramp_gang
~y~Garbage              ,   s_m_y_garbage
~y~Gardener             ,   s_m_m_gardener_01
~p~Gay                  ,   a_m_y_gay_01
~p~Gay                  ,   a_m_y_gay_02
~y~Fat Bastard          ,   a_m_m_genfat_01
~y~Fat Bastard          ,   a_m_m_genfat_02
~y~Hot Bitch            ,   a_f_y_genhot_01
~y~Street Chick         ,   a_f_o_genstreet_01
~y~Street Dude          ,   a_m_o_genstreet_01
~y~Street Dude          ,   a_m_y_genstreet_01
~y~Street Dude          ,   a_m_y_genstreet_02
~y~Trans Employee       ,   s_m_m_gentransport
~y~Glenstank            ,   u_m_m_glenstank_01
~y~Golfer Chick         ,   a_f_y_golfer_01
~y~Golfer               ,   a_m_m_golfer_01
~y~Golfer               ,   a_m_y_golfer_01
~y~Griff                ,   u_m_m_griff_01
~y~Grip                 ,   s_m_y_grip_01
~g~Groom CSB            ,   csb_groom
~g~Groom IG             ,   ig_groom
~y~Grove Dealer         ,   csb_grove_str_dlr
~y~Guadalope            ,   cs_guadalope
~y~Outfitguido          ,   u_m_y_guido_01
~y~Gunvend              ,   u_m_y_gunvend_01
~y~Gurk                 ,   cs_gurk
~y~Hairdress            ,   s_m_m_hairdress_01
~g~Hao CSB              ,   csb_hao
~g~Hao IG               ,   ig_hao
~g~Jew                  ,   a_m_m_hasjew_01
~g~Jew                  ,   a_m_y_hasjew_01
~y~HC Driver            ,   hc_driver
~y~HC Gunman            ,   hc_gunman
~y~HC Hacker            ,   hc_hacker
~g~Hic CSB              ,   csb_ramp_hic
~g~Hic IG               ,   ig_ramp_hic
~r~High Security        ,   s_m_m_highsec_01
~r~High Security        ,   s_m_m_highsec_02
~g~Hiker Ho             ,   a_f_y_hiker_01
~g~Hiker Dude           ,   a_m_y_hiker_01
~y~Hillbilly            ,   a_m_m_hillbilly_01
~y~Hillbilly            ,   a_m_m_hillbilly_02
~g~Hippie Chick         ,   a_f_y_hippie_01
~g~Hippie Dude          ,   u_m_y_hippie_01
~y~Hippy Dude           ,   a_m_y_hippy_01
~y~Hipster Chick        ,   a_f_y_hipster_01
~y~Hipster Chick        ,   a_f_y_hipster_02
~y~Hipster Chick        ,   a_f_y_hipster_03
~y~Hipster Chick        ,   a_f_y_hipster_04
~y~Hipster              ,   a_m_y_hipster_01
~y~Hipster              ,   a_m_y_hipster_02
~y~Hipster              ,   a_m_y_hipster_03
~y~Hipster              ,   csb_ramp_hipster
~y~Hipster              ,   ig_ramp_hipster
~q~Hot N Posh           ,   u_f_y_hotposh_01
~y~Hugh                 ,   csb_hugh
~g~Hunter CS            ,   cs_hunter
~g~Hunter IG            ,   ig_hunter
~r~C.H.I.P.S.           ,   s_m_y_hwaycop_01
~o~Impotant Rage        ,   u_m_y_imporage
~y~Imran                ,   csb_imran
~y~Indian Girl          ,   a_f_o_indian_01
~y~Indian Girl          ,   a_f_y_indian_01
~y~Indian               ,   a_m_m_indian_01
~y~Indian               ,   a_m_y_indian_01
~g~Janet CS             ,   cs_janet
~g~Janet IG             ,   ig_janet
~g~Janitor CS           ,   csb_janitor
~g~Janitor IG           ,   s_m_m_janitor
~y~Jay Norris           ,   ig_jay_norris
~o~Jesus                ,   u_m_m_jesus_01
~y~Jetski Dude          ,   a_m_y_jetski_01
~y~Jewelass CS          ,   cs_jewelass
~y~Jewelass IG          ,   ig_jewelass
~y~Jewelass Ho          ,   u_f_y_jewelass_01
~y~Jewel Security       ,   u_m_m_jewelsec_01
~y~Jewel Thief          ,   u_m_m_jewelthief
~g~Jimmy Boston CS      ,   cs_jimmyboston
~g~Jimmy Boston IG      ,   ig_jimmyboston
~g~Jimmy DiSanto CS     ,   cs_jimmydisanto
~g~Jimmy DiSanto IG     ,   ig_jimmydisanto
~g~Joe Minuteman CS     ,   cs_joeminuteman
~g~Joe Minuteman IG     ,   ig_joeminuteman
~g~Johnny Klebitz CS    ,   cs_johnnyklebitz
~g~Johnny Klebitz IG    ,   ig_johnnyklebitz
~g~Josef CS             ,   cs_josef
~g~Josef IG             ,   ig_josef
~g~Josh CS              ,   cs_josh
~g~Josh IG              ,   ig_josh
~g~Juggalo Bitch        ,   a_f_y_juggalo_01
~g~Juggalo Douche       ,   a_m_y_juggalo_01
~y~Justin               ,   u_m_y_justin
~y~Kerry McIntosh       ,   ig_kerrymcintosh
~y~Korean Boss          ,   g_m_m_korboss_01
~y~Korean               ,   g_m_y_korean_01
~y~Korean               ,   g_m_y_korean_02
~y~Korean Lieut.        ,   g_m_y_korlieut_01
~y~Ktown Chick          ,   a_f_m_ktown_01
~y~Ktown Chick          ,   a_f_m_ktown_02
~y~Ktown Chick          ,   a_f_o_ktown_01
~y~Ktown Dude           ,   a_m_m_ktown_01
~y~Ktown Dude           ,   a_m_o_ktown_01
~y~Ktown Dude           ,   a_m_y_ktown_01
~y~Ktown Dude           ,   a_m_y_ktown_02
~g~Lamar Davis CS       ,   cs_lamardavis
~g~Lamar Davis IG       ,   ig_lamardavis
~y~Lathandy             ,   s_m_m_lathandy_01
~y~Latino Cholo         ,   a_m_y_latino_01
~g~Lazlow CS            ,   cs_lazlow
~g~Lazlow IG            ,   ig_lazlow
~g~Lester Crest CS      ,   cs_lestercrest
~g~Lester Crest IG      ,   ig_lestercrest
~y~Life Invader Emp     ,   cs_lifeinvad_01
~y~Life Invader Emp     ,   ig_lifeinvad_01
~y~Life Invader Emp     ,   ig_lifeinvad_02
~y~Life Invader Emp     ,   s_m_m_lifeinvad_01
~y~Line Cook            ,   s_m_m_linecook
~y~Lost Bitch           ,   g_f_y_lost_01
~y~Lost Dude            ,   g_m_y_lost_01
~y~Lost Dude            ,   g_m_y_lost_02
~y~Lost Dude            ,   g_m_y_lost_03
~y~LS Metro Worker      ,   s_m_m_lsmetro_01
~g~Magenta CS           ,   cs_magenta
~g~Magenta IG           ,   ig_magenta
~y~Maid                 ,   s_f_m_maid_01
~y~Malibu Dude          ,   a_m_m_malibu_01
~y~Mani                 ,   u_m_y_mani
~g~Manuel CS            ,   cs_manuel
~g~Manuel IG            ,   ig_manuel
~y~Mariachi Mexican     ,   s_m_m_mariachi_01
~r~Marine               ,   csb_ramp_marine
~r~Marine               ,   s_m_m_marine_01
~r~Marine               ,   s_m_m_marine_02
~r~Marine               ,   s_m_y_marine_01
~r~Marine               ,   s_m_y_marine_02
~r~Marine               ,   s_m_y_marine_03
~y~Mark Fost            ,   u_m_m_markfost
~r~Marnie               ,   cs_marnie
~r~Marnie               ,   ig_marnie
~y~Marston              ,   mp_m_marston_01
~y~Martin Madrazo       ,   cs_martinmadrazo
~g~MaryAnn CS           ,   cs_maryann
~g~MaryAnn IG           ,   ig_maryann
~g~Maude CS             ,   csb_maude
~g~Maude IG             ,   ig_maude
~y~Meth Head            ,   a_m_y_methhead_01
~g~Mexican              ,   csb_ramp_mex
~g~Mexican              ,   ig_ramp_mex
~g~Mexican Boss         ,   g_m_m_mexboss_01
~g~Mexican Boss         ,   g_m_m_mexboss_02
~g~Mexican              ,   a_m_m_mexcntry_01
~g~Mexican Gang         ,   g_m_y_mexgang_01
~g~Mexican Goon         ,   g_m_y_mexgoon_01
~g~Mexican Goon         ,   g_m_y_mexgoon_02
~g~Mexican Goon         ,   g_m_y_mexgoon_03
~g~Mexican Labor        ,   a_m_m_mexlabor_01
~g~Mexican Thug         ,   a_m_y_mexthug_01
~g~Michelle CS          ,   cs_michelle
~g~Michelle IG          ,   ig_michelle
~q~Migrant Wench        ,   s_f_y_migrant_01
~g~Migrant Dude         ,   s_m_m_migrant_01
~y~Military Bum         ,   u_m_y_militarybum
~g~Milton CS            ,   cs_milton
~g~Milton IG            ,   ig_milton
~y~Mime                 ,   s_m_y_mime
~y~Miranda              ,   u_f_m_miranda
~y~Mistress             ,   u_f_y_mistress
~y~Misty                ,   mp_f_misty_01
~g~Molly CS             ,   cs_molly
~g~Molly IG             ,   ig_molly
~y~Motox                ,   a_m_y_motox_01
~y~Motox                ,   a_m_y_motox_02
~y~Moviestar            ,   u_f_o_moviestar
~g~Movie Starlet        ,   s_f_y_movprem_01
~g~Movie Star           ,   s_m_m_movprem_01
~g~Movie Starlet CS     ,   cs_movpremf_01
~g~Movie Star CS        ,   cs_movpremmale
~y~Movie Space Cadet    ,   s_m_m_movspace_01
~g~Mrk CS               ,   cs_mrk
~g~Mrk IG               ,   ig_mrk
~g~MRS_thornhill CS     ,   cs_mrs_thornhill
~g~MRS_thornhill IG     ,   ig_mrs_thornhill
~g~MRSphillips CS       ,   cs_mrsphillips
~g~MRSphillips IG       ,   ig_mrsphillips
~y~Musclbeac            ,   a_m_y_musclbeac_01
~y~Musclbeac            ,   a_m_y_musclbeac_02
~y~Merryweather         ,   csb_mweather
~g~Natalia CS           ,   cs_natalia
~g~Natalia IG           ,   ig_natalia
~g~Nervousron CS        ,   cs_nervousron
~g~Nervousron IG        ,   ig_nervousron
~g~Nigel CS             ,   cs_nigel
~g~Nigel IG             ,   ig_nigel
~y~Nigga                ,   a_m_m_afriamer_01
~y~Niko                 ,   mp_m_niko_01
~y~Og_boss              ,   a_m_m_og_boss_01
~g~Old Man              ,   cs_old_man1a
~g~Old Man              ,   ig_old_man1a
~g~Old Man              ,   cs_old_man2
~g~Old Man              ,   ig_old_man2
~g~Omega CS             ,   cs_omega
~g~Omega IG             ,   ig_omega
~y~Oneil                ,   ig_oneil
~g~Orleans CS           ,   cs_orleans
~g~Orleans IG           ,   ig_orleans
~g~Ortega CS            ,   csb_ortega
~g~Ortega IG            ,   ig_ortega
~y~Oscar                ,   csb_oscar
~g~Paparazzi            ,   a_m_m_paparazzi_01
~g~Paparazzi            ,   u_m_y_paparazzi
~g~Paper                ,   cs_paper
~g~Paper                ,   ig_paper
~y~Paramedic            ,   s_m_m_paramedic_01
~y~Party                ,   u_m_y_party_01
~y~Party Target         ,   u_m_m_partytarget
~g~Patricia CS          ,   cs_patricia
~g~Patricia IG          ,   ig_patricia
~y~Pestcont             ,   s_m_y_pestcont_01
~g~Pilot                ,   s_m_m_pilot_01
~g~Pilot                ,   s_m_m_pilot_02
~g~Pilot                ,   s_m_y_pilot_01
~y~Pogo                 ,   u_m_y_pogo_01
~y~Polo Goon            ,   g_m_y_pologoon_01
~y~Polo Goon            ,   g_m_y_pologoon_02
~g~Polynesian           ,   a_m_m_polynesian_01
~g~Polynesian           ,   a_m_y_polynesian_01
~y~Poppymich            ,   u_f_y_poppymich
~y~Porn Dudes           ,   csb_porndudes
~y~Postal               ,   s_m_m_postal_01
~y~Postal               ,   s_m_m_postal_02
~g~Priest CS            ,   cs_priest
~g~Priest IG            ,   ig_priest
~y~Princess             ,   u_f_y_princess
~r~Prison Guard         ,   s_m_m_prisguard_01
~y~Prisoner             ,   s_m_y_prismuscl_01
~g~Prisoner             ,   s_m_y_prisoner_01
~y~Prologue Driver      ,   u_m_y_proldriver_01
~y~Prologue Hostes      ,   a_f_m_prolhost_01
~y~Prologue Host        ,   a_m_m_prolhost_01
~y~Prologue Hostes      ,   u_f_o_prolhost_01
~y~Prologue Driver      ,   csb_prologuedriver
~r~Prologue Security    ,   cs_prolsec_02
~r~Prologue Security    ,   csb_prolsec
~r~Prologue Security    ,   ig_prolsec_02
~r~Prologue Security    ,   u_m_m_prolsec_01
~g~Promourn Lady        ,   u_f_m_promourn_01
~g~Promourn Man         ,   u_m_m_promourn_01
~y~Pros                 ,   mp_g_m_pros_01
~g~Rangerette           ,   s_f_y_ranger_01
~g~Ranger Dick          ,   s_m_y_ranger_01
~y~Reporter             ,   csb_reporter
~y~Rivalpap             ,   u_m_m_rivalpap
~y~Roadcyc              ,   a_m_y_roadcyc_01
~r~Robber               ,   s_m_y_robber_01
~g~Roccopelosi CS       ,   csb_roccopelosi
~g~Roccopelosi IG       ,   ig_roccopelosi
~y~Rsranger             ,   u_m_y_rsranger_01
~y~Runner Ho            ,   a_f_y_runner_01
~y~Runner Bro           ,   a_m_y_runner_01
~y~Runner Bro           ,   a_m_y_runner_02
~g~Rurmeth Ho           ,   a_f_y_rurmeth_01
~g~Rurmeth Bro          ,   a_m_m_rurmeth_01
~y~Salton Ho            ,   a_f_m_salton_01
~y~Salton Ho            ,   a_f_o_salton_01
~y~Salton Bro           ,   a_m_m_salton_01
~y~Salton Bro           ,   a_m_m_salton_02
~y~Salton Bro           ,   a_m_m_salton_03
~y~Salton Bro           ,   a_m_m_salton_04
~y~Salton Bro           ,   a_m_o_salton_01
~y~Salton Bro           ,   a_m_y_salton_01
~y~Salvaboss            ,   g_m_y_salvaboss_01
~g~Salvagoon            ,   g_m_y_salvagoon_01
~g~Salvagoon            ,   g_m_y_salvagoon_02
~g~Salvagoon            ,   g_m_y_salvagoon_03
~y~Sbike                ,   u_m_y_sbike
~y~Scdressy             ,   a_f_y_scdressy_01
~y~Scientist            ,   s_m_m_scientist_01
~g~Screen_writer CS     ,   csb_screen_writer
~g~Screen_writer IG     ,   ig_screen_writer
~y~Scrubs               ,   s_f_y_scrubs_01
~r~Security             ,   s_m_m_security_01
~r~Sheriff              ,   s_f_y_sheriff_01
~r~Sheriff              ,   s_m_y_sheriff_01
~y~Shop_high            ,   s_f_m_shop_high
~y~Shop_low             ,   s_f_y_shop_low
~y~Shop_mask            ,   s_m_y_shop_mask
~y~Shop_mid             ,   s_f_y_shop_mid
~y~Shopkeep             ,   mp_m_shopkeep_01
~g~Siemon Yetarian CS   ,   cs_siemonyetarian
~g~Siemon Yetarian IG   ,   ig_siemonyetarian
~y~Skater Babe          ,   a_f_y_skater_01
~g~Skater Dude          ,   a_m_m_skater_01
~g~Skater Dude          ,   a_m_y_skater_01
~g~Skater Dude          ,   a_m_y_skater_02
~g~Skidrow Ho           ,   a_f_m_skidrow_01
~g~Skidrow Bro          ,   a_m_m_skidrow_01
~r~Snowcop              ,   s_m_m_snowcop_01
~y~Socenlat             ,   a_m_m_socenlat_01
~g~Solomon CS           ,   cs_solomon
~g~Solomon IG           ,   ig_solomon
~y~SoufCentral Babe     ,   a_f_m_soucent_01
~y~SoufCentral Babe     ,   a_f_m_soucent_02
~y~SoufCentral Babe     ,   a_f_o_soucent_01
~y~SoufCentral Babe     ,   a_f_o_soucent_02
~y~SoufCentral Babe     ,   a_f_y_soucent_01
~y~SoufCentral Babe     ,   a_f_y_soucent_02
~y~SoufCentral Babe     ,   a_f_y_soucent_03
~y~SoufCentral Dude     ,   a_m_m_soucent_01
~y~SoufCentral Dude     ,   a_m_m_soucent_02
~y~SoufCentral Dude     ,   a_m_m_soucent_03
~y~SoufCentral Dude     ,   a_m_m_soucent_04
~y~SoufCentral Dude     ,   a_m_o_soucent_01
~y~SoufCentral Dude     ,   a_m_o_soucent_02
~y~SoufCentral Dude     ,   a_m_o_soucent_03
~y~SoufCentral Dude     ,   a_m_y_soucent_01
~y~SoufCentral Dude     ,   a_m_y_soucent_02
~y~SoufCentral DudeA    ,   a_m_y_soucent_03
~y~SoufCentral DudeB    ,   a_m_y_soucent_04
~y~Soucentmc            ,   a_f_m_soucentmc_01
~y~Spyactor             ,   u_m_m_spyactor
~y~Spyactress           ,   u_f_y_spyactress
~y~Staggrm              ,   u_m_y_staggrm_01
~y~Baller               ,   a_m_y_stbla_01
~y~Baller               ,   a_m_y_stbla_02
~g~Steve Hains CS       ,   cs_stevehains
~g~Steve Hains IG       ,   ig_stevehains
~y~Latin                ,   a_m_m_stlat_02
~y~Latin                ,   a_m_y_stlat_01
~g~Stretch CS           ,   cs_stretch
~g~Stretch IG           ,   ig_stretch
~p~Street Performer     ,   s_m_m_strperf_01
~p~Street Preacher      ,   s_m_m_strpreach_01
~y~Street Punk          ,   g_m_y_strpunk_01
~y~Street Punk          ,   g_m_y_strpunk_02
~g~Street Vend          ,   s_m_m_strvend_01
~g~Street Vend          ,   s_m_y_strvend_01
~y~Stwhi                ,   a_m_y_stwhi_01
~y~Stwhi                ,   a_m_y_stwhi_02
~y~Sunbathe             ,   a_m_y_sunbathe_01
~y~Surfer               ,   a_m_y_surfer_01
~r~Swat                 ,   s_m_y_swat_01
~q~Sweatshop            ,   s_f_m_sweatshop_01
~q~Sweatshop            ,   s_f_y_sweatshop_01
~y~Talina               ,   ig_talina
~g~Tanisha CS           ,   cs_tanisha
~g~Tanisha IG           ,   ig_tanisha
~g~Taocheng CS          ,   cs_taocheng
~g~Taocheng IG          ,   ig_taocheng
~g~Taos Translator CS   ,   cs_taostranslator
~g~Taos Translator IG   ,   ig_taostranslator
~y~Tap Hill Billy       ,   u_m_o_taphillbilly
~y~Tattoo               ,   u_m_y_tattoo_01
~g~Tennis Ho            ,   a_f_y_tennis_01
~g~Tennis Bro           ,   a_m_m_tennis_01
~g~Tennis Coach CS      ,   cs_tenniscoach
~g~Tennis Coach IG      ,   ig_tenniscoach
~g~Terry CS             ,   cs_terry
~g~Terry IG             ,   ig_terry
~y~Tom                  ,   cs_tom
~g~Tom Epsilon CS       ,   cs_tomepsilon
~g~Tom Epsilon IG       ,   ig_tomepsilon
~g~Tonya CS             ,   csb_tonya
~g~Tonya IG             ,   ig_tonya
~y~Tourist Ho           ,   a_f_m_tourist_01
~y~Tourist Ho           ,   a_f_y_tourist_01
~y~Tourist Ho           ,   a_f_y_tourist_02
~y~Tourist Bro          ,   a_m_m_tourist_01
~g~Tracy Disanto CS     ,   cs_tracydisanto
~g~Tracy Disanto IG     ,   ig_tracydisanto
~g~Traffic Warden CS    ,   csb_trafficwarden
~g~Traffic Warden IG    ,   ig_trafficwarden
~y~Tramp Ho             ,   a_f_m_tramp_01
~y~Tramp Bro            ,   a_m_m_tramp_01
~y~Tramp Bro            ,   a_m_o_tramp_01
~y~Tramp Bro            ,   u_m_o_tramp_01
~g~Tramp Beach Ho       ,   a_f_m_trampbeac_01
~g~Tramp Beach Bro      ,   a_m_m_trampbeac_01
~p~Tranvestite          ,   a_m_m_tranvest_01
~p~Tranvestite          ,   a_m_m_tranvest_02
~y~Trucker              ,   s_m_m_trucker_01
~y~Tylerdix             ,   ig_tylerdix
~y~Ups                  ,   s_m_m_ups_01
~y~Ups                  ,   s_m_m_ups_02
~r~Uscg                 ,   s_m_y_uscg_01
~y~Vagos                ,   g_f_y_vagos_01
~y~Valet                ,   s_m_y_valet_01
~y~Vindouche            ,   a_m_y_vindouche_01
~y~Vinewood Ho          ,   a_f_y_vinewood_01
~y~Vinewood Ho          ,   a_f_y_vinewood_02
~y~Vinewood Ho          ,   a_f_y_vinewood_03
~y~Vinewood Ho          ,   a_f_y_vinewood_04
~y~Vinewood Bro         ,   a_m_y_vinewood_01
~y~Vinewood Bro         ,   a_m_y_vinewood_02
~y~Vinewood Bro         ,   a_m_y_vinewood_03
~y~Vinewood Bro         ,   a_m_y_vinewood_04
~g~Wade CS              ,   cs_wade
~g~Wade IG              ,   ig_wade
~y~Waiter               ,   s_m_y_waiter_01
~y~Willyfist            ,   u_m_m_willyfist
~y~Winclean             ,   s_m_y_winclean_01
~y~Xmech                ,   s_m_y_xmech_01
~y~Xmech                ,   s_m_y_xmech_02
~g~Yoga Ho              ,   a_f_y_yoga_01
~g~Yoga Bro             ,   a_m_y_yoga_01
~g~Zimbor CS            ,   cs_zimbor
~g~Zimbor IG            ,   ig_zimbor
~y~Competition          ,   comp_peds_generic
~y~Competition Moped    ,   comp_peds_helmets_moped
~y~Competition MotoX    ,   comp_peds_helmets_motox
~y~Competition Shorty   ,   comp_peds_helmets_shorty
~y~Competition Sports   ,   comp_peds_helmets_sports
~y~Competition Marine   ,   comp_peds_marine
~g~Prisoner             ,   u_m_y_prisoner_01
~y~Boat Staff Female    ,   mp_f_boatstaff_01
~y~Boat Staff Male      ,   mp_m_boatstaff_01
~b~Chef                 ,   ig_chef2
~b~Chef                 ,   csb_chef2
~r~agent                ,   csb_agent
~r~agent                ,   ig_agent
~r~agent CS             ,   csb_mp_agent14
~r~agent IG             ,   ig_mp_agent14
~g~Benny                ,   ig_benny
~y~blackops             ,   s_m_y_blackops_03
~y~ccrew                ,   s_m_m_ccrew_01
~q~Karen Daniels        ,   ig_karen_daniels
~y~DOA Agent            ,   u_m_m_doa_01
~q~Drowned Female       ,   u_f_m_drowned_01
~g~Eddie Toh            ,   u_m_m_edtoh
~q~Executive Female     ,   mp_f_execpa_01
~y~Executive Male       ,   mp_m_execpa_01
~r~Female Agent         ,   a_f_y_femaleagent
~r~FBI Security         ,   s_m_m_fibsec_01
~g~Noir DeadZombie      ,   u_m_o_filmnoir
~g~G                    ,   ig_g
~y~Heli Staff Female    ,   mp_f_helistaff_01
~g~Jack Howitzer        ,   csb_jackhowitzer
~g~Money                ,   csb_money
~b~Money                ,   ig_money
~g~Paige CS             ,   csb_paige
~g~Paige IG             ,   ig_paige
~g~Popov CS             ,   csb_popov
~g~Popov IG             ,   ig_popov
~g~Rashcosvki CS        ,   csb_rashcosvki
~g~Rashcosvki IG        ,   ig_rashcosvki
~r~Undercover           ,   csb_undercover
~y~vagfun               ,   mp_m_g_vagfun_01
~b~vagspeak CS          ,   csb_vagspeak
~b~vagspeak IG          ,   ig_vagspeak
~o~mp_f_chbar           ,   mp_f_chbar_01
~o~mp_f_cocaine         ,   mp_f_cocaine_01
~o~mp_f_counterfeit     ,   mp_f_counterfeit_01
~o~mp_f_forgery         ,   mp_f_forgery_01
~o~mp_f_meth            ,   mp_f_meth_01
~o~mp_f_weed            ,   mp_f_weed_01
~o~ig_malc              ,   ig_malc
~o~mp_m_cocaine         ,   mp_m_cocaine_01
~o~mp_m_counterfeit     ,   mp_m_counterfeit_01
~o~mp_m_forgery         ,   mp_m_forgery_01
~o~mp_m_meth            ,   mp_m_meth_01
~o~mp_m_weed            ,   mp_m_weed_01
~o~MPMechanic           ,   s_m_y_xmech_02_mp
~o~Car Designer         ,   mp_f_cardesign_01
~o~Fem ImportExport     ,   g_f_importexport_01
~o~Male ImportExport    ,   g_m_importexport_01
~o~ cs_lestercrest_2 , cs_lestercrest_2
~o~ csb_avon , csb_avon
~o~ csb_bogdan , csb_bogdan
~o~ csb_mrs_r , csb_mrs_r
~o~ ig_avon , ig_avon
~o~ ig_lestercrest_2 , ig_lestercrest_2
~o~ mp_f_execpa_02 , mp_f_execpa_02
~o~ mp_m_avongoon , mp_m_avongoon
~o~ mp_m_bogdangoon , mp_m_bogdangoon
~o~ mp_m_securoguard_01 , mp_m_securoguard_01
~o~ mp_m_waremech_01 , mp_m_waremech_01
~o~ mp_m_weapexp_01 , mp_m_weapexp_01
~o~ mp_m_weapwork_01 , mp_m_weapwork_01
~o~ u_m_y_corpse_01 , u_m_y_corpse_01
~o~ u_m_y_juggernaut_01 , u_m_y_juggernaut_01
~o~ u_m_y_smugmech_01 , u_m_y_smugmech_01